{"v":"5.7.6","fr":60,"ip":0,"op":1800,"w":600,"h":600,"nm":"Comp 1","ddd":0,"assets":[],"fonts":{"list":[{"fName":"Poppins-Medium","fFamily":"Poppins","fStyle":"Medium","ascent":73.9990234375}]},"layers":[{"ddd":0,"ind":1,"ty":5,"nm":"About Us                 About Us                 About  Us","sr":1,"ks":{"o":{"a":0,"k":100,"ix":11},"r":{"a":0,"k":0,"ix":10},"p":{"a":0,"k":[111.425,279.594,0],"ix":2,"l":2},"a":{"a":0,"k":[0,0,0],"ix":1,"l":2},"s":{"a":0,"k":[100,100,100],"ix":6,"l":2}},"ao":0,"hasMask":true,"masksProperties":[{"inv":false,"mode":"n","pt":{"a":0,"k":{"i":[[107.175,0],[0,-107.175],[-107.174,0],[0,107.174]],"o":[[-107.174,0],[0,107.174],[107.175,0],[0,-107.175]],"v":[[189.491,-178.075],[-4.566,15.981],[189.491,210.038],[383.547,15.981]],"c":true},"ix":1},"o":{"a":0,"k":100,"ix":3},"x":{"a":0,"k":0,"ix":4},"nm":"Mask 1"}],"t":{"d":{"k":[{"s":{"s":44,"f":"Poppins-Medium","t":"About Us                 About Us                 About  Us","ca":0,"j":0,"tr":0,"lh":52.8,"ls":0,"fc":[0.922,0.922,0.922]},"t":0}]},"p":{"m":0,"f":{"a":1,"k":[{"i":{"x":[0.833],"y":[0.833]},"o":{"x":[0.167],"y":[0.167]},"t":0,"s":[0]},{"t":1799.798828125,"s":[2709]}],"ix":5},"l":{"a":0,"k":0,"ix":6},"a":0,"p":1,"r":0},"m":{"g":1,"a":{"a":0,"k":[0,0],"ix":2}},"a":[]},"ip":0,"op":1801.8018018018,"st":0,"bm":0}],"markers":[],"chars":[{"ch":"A","size":44,"style":"Medium","w":69.7,"data":{"shapes":[{"ty":"gr","it":[{"ind":0,"ty":"sh","ix":1,"ks":{"a":0,"k":{"i":[[0,0],[0,0],[0,0],[0,0],[0,0],[0,0],[0,0],[0,0]],"o":[[0,0],[0,0],[0,0],[0,0],[0,0],[0,0],[0,0],[0,0]],"v":[[54.4,0],[66.4,0],[41.5,-69.6],[28.3,-69.6],[3.4,0],[15.3,0],[20.3,-14.2],[49.4,-14.2]],"c":true},"ix":2},"nm":"A","mn":"ADBE Vector Shape - Group","hd":false},{"ind":1,"ty":"sh","ix":2,"ks":{"a":0,"k":{"i":[[0,0],[0,0],[0,0]],"o":[[0,0],[0,0],[0,0]],"v":[[23.5,-23.5],[34.9,-55.8],[46.2,-23.5]],"c":true},"ix":2},"nm":"A","mn":"ADBE Vector Shape - Group","hd":false}],"nm":"A","np":5,"cix":2,"bm":0,"ix":1,"mn":"ADBE Vector Group","hd":false}]},"fFamily":"Poppins"},{"ch":"b","size":44,"style":"Medium","w":67.8,"data":{"shapes":[{"ty":"gr","it":[{"ind":0,"ty":"sh","ix":1,"ks":{"a":0,"k":{"i":[[1.933,-2.666],[0,0],[0,0],[0,0],[0,0],[0,0],[-3.3,-1.666],[-4.267,0],[-3.967,2.434],[-2.267,4.367],[0,5.534],[2.266,4.3],[3.933,2.334],[4.866,0],[3.366,-1.7]],"o":[[0,0],[0,0],[0,0],[0,0],[0,0],[1.933,2.6],[3.3,1.666],[4.8,0],[3.966,-2.433],[2.266,-4.366],[0,-5.533],[-2.267,-4.3],[-3.934,-2.333],[-4.134,0],[-3.367,1.7]],"v":[[18.9,-46.9],[18.9,-74],[7.5,-74],[7.5,0],[18.9,0],[18.9,-8],[26.75,-1.6],[38.1,0.9],[51.25,-2.75],[60.6,-12.95],[64,-27.8],[60.6,-42.55],[51.3,-52.5],[38.1,-56],[26.85,-53.45]],"c":true},"ix":2},"nm":"b","mn":"ADBE Vector Shape - Group","hd":false},{"ind":1,"ty":"sh","ix":2,"ks":{"a":0,"k":{"i":[[0,-3.8],[1.566,-2.866],[2.566,-1.5],[2.933,0],[2.566,1.467],[1.566,2.834],[0,3.8],[-1.567,2.8],[-2.567,1.467],[-2.867,0],[-2.567,-1.433],[-1.567,-2.766]],"o":[[0,3.8],[-1.567,2.867],[-2.567,1.5],[-2.867,0],[-2.567,-1.466],[-1.567,-2.833],[0,-3.8],[1.566,-2.8],[2.566,-1.466],[2.933,0],[2.566,1.434],[1.566,2.767]],"v":[[52.4,-27.8],[50.05,-17.8],[43.85,-11.25],[35.6,-9],[27.45,-11.2],[21.25,-17.65],[18.9,-27.6],[21.25,-37.5],[27.45,-43.9],[35.6,-46.1],[43.85,-43.95],[50.05,-37.65]],"c":true},"ix":2},"nm":"b","mn":"ADBE Vector Shape - Group","hd":false}],"nm":"b","np":5,"cix":2,"bm":0,"ix":1,"mn":"ADBE Vector Group","hd":false}]},"fFamily":"Poppins"},{"ch":"o","size":44,"style":"Medium","w":63.8,"data":{"shapes":[{"ty":"gr","it":[{"ind":0,"ty":"sh","ix":1,"ks":{"a":0,"k":{"i":[[-5.2,0],[-4.367,2.367],[-2.534,4.334],[0,5.6],[2.466,4.334],[4.266,2.334],[5.266,0],[4.266,-2.333],[2.466,-4.333],[0,-5.6],[-2.4,-4.3],[-4.2,-2.366]],"o":[[5.266,0],[4.366,-2.366],[2.533,-4.333],[0,-5.6],[-2.467,-4.333],[-4.267,-2.333],[-5.267,0],[-4.267,2.334],[-2.467,4.334],[0,5.667],[2.4,4.3],[4.2,2.367]],"v":[[31.4,0.9],[45.85,-2.65],[56.2,-12.7],[60,-27.6],[56.3,-42.5],[46.2,-52.5],[31.9,-56],[17.6,-52.5],[7.5,-42.5],[3.8,-27.6],[7.4,-12.65],[17.3,-2.65]],"c":true},"ix":2},"nm":"o","mn":"ADBE Vector Shape - Group","hd":false},{"ind":1,"ty":"sh","ix":2,"ks":{"a":0,"k":{"i":[[2.933,0],[3.033,3.234],[0,5.934],[-1.467,2.767],[-2.5,1.4],[-2.934,0],[-2.534,-1.4],[-1.534,-2.766],[0,-4],[1.6,-2.8],[2.566,-1.4]],"o":[[-4.6,0],[-3.034,-3.233],[0,-4],[1.466,-2.766],[2.5,-1.4],[2.933,0],[2.533,1.4],[1.533,2.767],[0,4],[-1.6,2.8],[-2.567,1.4]],"v":[[31.4,-9],[19.95,-13.85],[15.4,-27.6],[17.6,-37.75],[23.55,-44],[31.7,-46.1],[39.9,-44],[46,-37.75],[48.3,-27.6],[45.9,-17.4],[39.65,-11.1]],"c":true},"ix":2},"nm":"o","mn":"ADBE Vector Shape - Group","hd":false}],"nm":"o","np":5,"cix":2,"bm":0,"ix":1,"mn":"ADBE Vector Group","hd":false}]},"fFamily":"Poppins"},{"ch":"u","size":44,"style":"Medium","w":64.9,"data":{"shapes":[{"ty":"gr","it":[{"ind":0,"ty":"sh","ix":1,"ks":{"a":0,"k":{"i":[[0,0],[0,0],[2.5,-2.633],[4.266,0],[2.466,2.634],[0,4.934],[0,0],[0,0],[0,0],[-1.967,-3.533],[-3.434,-1.8],[-4.334,0],[-2.9,1.3],[-1.8,2.267],[0,0],[0,0],[0,0]],"o":[[0,0],[0,4.934],[-2.5,2.634],[-4.267,0],[-2.467,-2.633],[0,0],[0,0],[0,0],[0,5],[1.966,3.534],[3.433,1.8],[3.266,0],[2.9,-1.3],[0,0],[0,0],[0,0],[0,0]],"v":[[46,-55.1],[46,-24.4],[42.25,-13.05],[32.1,-9.1],[22,-13.05],[18.3,-24.4],[18.3,-55.1],[7,-55.1],[7,-22.7],[9.95,-9.9],[18.05,-1.9],[29.7,0.8],[38.95,-1.15],[46,-6.5],[46,0],[57.4,0],[57.4,-55.1]],"c":true},"ix":2},"nm":"u","mn":"ADBE Vector Shape - Group","hd":false}],"nm":"u","np":3,"cix":2,"bm":0,"ix":1,"mn":"ADBE Vector Group","hd":false}]},"fFamily":"Poppins"},{"ch":"t","size":44,"style":"Medium","w":37.2,"data":{"shapes":[{"ty":"gr","it":[{"ind":0,"ty":"sh","ix":1,"ks":{"a":0,"k":{"i":[[0,0],[0,0],[0,0],[0,0],[0,0],[0,0],[0,0],[0,0],[0,0],[0,0],[-2.734,-2.4],[-5.134,0],[0,0],[0,0],[0,0],[0.966,0.9],[0,2.067],[0,0]],"o":[[0,0],[0,0],[0,0],[0,0],[0,0],[0,0],[0,0],[0,0],[0,0],[0,5.4],[2.733,2.4],[0,0],[0,0],[0,0],[-2.334,0],[-0.967,-0.9],[0,0],[0,0]],"v":[[34.2,-45.8],[34.2,-55.1],[20.8,-55.1],[20.8,-68.8],[9.3,-68.8],[9.3,-55.1],[2.8,-55.1],[2.8,-45.8],[9.3,-45.8],[9.3,-15.3],[13.4,-3.6],[25.2,0],[34.2,0],[34.2,-9.5],[27.2,-9.5],[22.25,-10.85],[20.8,-15.3],[20.8,-45.8]],"c":true},"ix":2},"nm":"t","mn":"ADBE Vector Shape - Group","hd":false}],"nm":"t","np":3,"cix":2,"bm":0,"ix":1,"mn":"ADBE Vector Group","hd":false}]},"fFamily":"Poppins"},{"ch":" ","size":44,"style":"Medium","w":26,"data":{},"fFamily":"Poppins"},{"ch":"U","size":44,"style":"Medium","w":69,"data":{"shapes":[{"ty":"gr","it":[{"ind":0,"ty":"sh","ix":1,"ks":{"a":0,"k":{"i":[[0,0],[0,0],[-2.4,-3.933],[-4.1,-1.933],[-5,0],[-4.134,1.934],[-2.467,3.934],[0,5.667],[0,0],[0,0],[0,0],[2.766,-2.666],[5,0],[2.766,2.667],[0,5.267],[0,0]],"o":[[0,0],[0,5.667],[2.4,3.934],[4.1,1.934],[5,0],[4.133,-1.933],[2.466,-3.933],[0,0],[0,0],[0,0],[0,5.267],[-2.767,2.667],[-4.934,0],[-2.767,-2.666],[0,0],[0,0]],"v":[[7.4,-69.5],[7.4,-25.4],[11,-11],[20.75,-2.2],[34.4,0.7],[48.1,-2.2],[58,-11],[61.7,-25.4],[61.7,-69.5],[50.3,-69.5],[50.3,-25.2],[46.15,-13.3],[34.5,-9.3],[22.95,-13.3],[18.8,-25.2],[18.8,-69.5]],"c":true},"ix":2},"nm":"U","mn":"ADBE Vector Shape - Group","hd":false}],"nm":"U","np":3,"cix":2,"bm":0,"ix":1,"mn":"ADBE Vector Group","hd":false}]},"fFamily":"Poppins"},{"ch":"s","size":44,"style":"Medium","w":53.4,"data":{"shapes":[{"ty":"gr","it":[{"ind":0,"ty":"sh","ix":1,"ks":{"a":0,"k":{"i":[[-4.334,0],[-3.167,1.4],[-1.734,2.467],[0,3.134],[1.866,2.134],[2.566,1.1],[4,1.067],[1.533,0.567],[1.066,1],[0,1.467],[-1.6,1.134],[-3,0],[-1.8,-1.466],[-0.2,-2.466],[0,0],[3.833,3.167],[6.266,0],[3.233,-1.4],[1.733,-2.433],[0,-2.933],[-1.9,-2.2],[-2.6,-1.066],[-4.134,-1.133],[-1.967,-1],[0,-2.066],[1.766,-1.233],[3.2,0],[2.033,1.567],[0.2,2.334],[0,0],[-2,-2.7],[-3.434,-1.566]],"o":[[4.266,0],[3.166,-1.4],[1.733,-2.466],[-0.067,-3.533],[-1.867,-2.133],[-2.567,-1.1],[-3,-0.866],[-1.534,-0.566],[-1.067,-1],[0,-1.866],[1.6,-1.133],[3.066,0],[1.8,1.467],[0,0],[-0.267,-5.466],[-3.834,-3.166],[-4.2,0],[-3.234,1.4],[-1.734,2.434],[0,3.6],[1.9,2.2],[2.6,1.067],[4.266,1.2],[1.966,1],[0,1.934],[-1.767,1.234],[-3.067,0],[-2.034,-1.566],[0,0],[0.133,3.334],[2,2.7],[3.433,1.566]],"v":[[27.5,0.9],[38.65,-1.2],[46,-7],[48.6,-15.4],[45.7,-23.9],[39.05,-28.75],[29.2,-32],[22.4,-34.15],[18.5,-36.5],[16.9,-40.2],[19.3,-44.7],[26.2,-46.4],[33.5,-44.2],[36.5,-38.3],[47.9,-38.3],[41.75,-51.25],[26.6,-56],[15.45,-53.9],[8,-48.15],[5.4,-40.1],[8.25,-31.4],[15,-26.5],[25.1,-23.2],[34.45,-19.9],[37.4,-15.3],[34.75,-10.55],[27.3,-8.7],[19.65,-11.05],[16.3,-16.9],[4.5,-16.9],[7.7,-7.85],[15.85,-1.45]],"c":true},"ix":2},"nm":"s","mn":"ADBE Vector Shape - Group","hd":false}],"nm":"s","np":3,"cix":2,"bm":0,"ix":1,"mn":"ADBE Vector Group","hd":false}]},"fFamily":"Poppins"}]}